index,data
0,['0']
1,['0.0']
2,['0.03947210874531593']
3,['0.07888269410203015']
4,['0.11817032857526096']
5,['0.15727377630810155']
6,['0.19613208852717737']
7,['0.23468469854073934']
8,['0.27287151614122407']
